Timestamp,What is your Age ?,What is your Weight ? (in kg),What is your Height ? (in cm),Height (in m),What is your gender ?,BMI,(for Females) Have you been pregnant?,(for females )Did you have any major Health problems after pregnancy ?,Any previous health problems ?,Do you exercise regularly ?,What is your profession ?,How much do you travel for your Work ?,How much junk food do you eat ?,What do you think about BMI (Body Mass index) ?,(for females) At what age have you been pregnant for the first time? 
4/18/2023 16:36,17,53,167,1.67,0,19,0,0,0,1,Student,,3,1,
4/16/2023 17:02,18,50,160,1.6,0,19.53,0,0,0,0,Student,,3,1,
4/14/2023 10:47,18,56,167,1.67,0,20.08,0,0,0,0,Student ,"Pretty less, rarely ",3,2,
4/16/2023 15:59,18,65,162,1.62,1,24.77,0,0,0,0,Student,No,3,2,
4/14/2023 11:35,19,43,165,1.65,0,15.79,0,0,0,0,Student ,,3,2,
4/16/2023 17:06,19,50,150,1.5,0,22.22,0,0,0,0,Student ,,3,2,
4/14/2023 10:46,19,51,173.9,1.74,0,16.86,0,0,0,0,Student,,3,2,
4/18/2023 16:42,19,65,178,1.78,1,20.52,0,0,0,0,Student,About 10 km's On a daily basis ,3,2,
4/14/2023 11:06,19,72,182.5,1.83,1,21.62,0,0,0,1,Student,1Km/day,3,2,
4/18/2023 16:41,19,79,183,1.83,1,23.59,0,0,0,0,Student,,3,2,
4/16/2023 16:07,19,80,180,1.8,0,24.69,1,1,0,0,Student,,3,0,
4/16/2023 16:21,20,80,162,1.62,1,30.48,0,0,0,0,Student,,3,0,
4/14/2023 15:39,20,89,176,1.76,1,28.73,0,0,0,0,Student,1 hour per side,3,0,
4/14/2023 22:47,23,80,180,1.8,1,24.69,0,0,0,1,Business ,Daily ,3,1,
